week,medyka,dorohusk,korczowa,events,deaths,explosive
2022-02-28,66694.0,90002.0,37438.0,623.0,1087.0,342.0
2022-03-07,103065.0,83719.0,54578.0,581.0,925.0,335.0
2022-03-14,68275.0,47916.0,41583.0,625.0,1943.0,297.0
2022-03-21,42994.0,28004.0,32476.0,493.0,886.0,307.0
2022-03-28,16832.0,9855.0,21666.0,479.0,498.0,317.0
2022-04-04,18622.0,8794.0,24514.0,480.0,553.0,347.0
2022-04-11,14096.0,5416.0,21156.0,476.0,670.0,364.0
2022-04-18,9143.0,3555.0,15286.0,487.0,934.0,356.0
2022-04-25,7237.0,3072.0,15027.0,617.0,664.0,439.0
2022-05-02,6756.0,3762.0,12542.0,554.0,998.0,405.0
2022-05-09,5410.0,1986.0,6927.0,618.0,1540.0,438.0
2022-05-16,5853.0,2244.0,5995.0,735.0,736.0,542.0
2022-05-23,5208.0,2096.0,5023.0,738.0,789.0,537.0
2022-05-30,3802.0,1899.0,4413.0,832.0,833.0,644.0
2022-06-06,2866.0,1560.0,4087.0,799.0,566.0,635.0
2022-06-13,3005.0,1654.0,3423.0,816.0,659.0,637.0
2022-06-20,4175.0,1725.0,1560.0,964.0,597.0,789.0
2022-06-27,3495.0,1069.0,1216.0,942.0,773.0,796.0
2022-07-04,2668.0,815.0,1682.0,826.0,437.0,706.0
2022-07-11,2811.0,740.0,1372.0,1053.0,725.0,933.0
2022-07-18,3798.0,830.0,39.0,1009.0,593.0,906.0
2022-07-25,3760.0,869.0,7.0,1117.0,961.0,998.0
2022-08-01,2656.0,967.0,1147.0,1146.0,690.0,993.0
2022-08-08,3240.0,1108.0,1037.0,1099.0,738.0,951.0
2022-08-15,3451.0,1557.0,2313.0,1191.0,653.0,1009.0
2022-08-22,3900.0,1665.0,2314.0,1151.0,1121.0,1033.0
2022-08-29,3034.0,1474.0,1661.0,1201.0,868.0,1038.0
2022-09-05,2198.0,1224.0,1363.0,1196.0,1296.0,1002.0
2022-09-12,2295.0,1424.0,1538.0,1070.0,849.0,924.0
2022-09-19,2324.0,1743.0,2133.0,1075.0,670.0,930.0
2022-09-26,2267.0,1647.0,2122.0,961.0,1102.0,794.0
2022-10-03,1856.0,1316.0,1492.0,1041.0,1394.0,759.0
2022-10-10,2285.0,1420.0,1915.0,996.0,1282.0,752.0
2022-10-17,1999.0,1211.0,1835.0,877.0,1086.0,669.0
2022-10-24,1960.0,1223.0,1808.0,904.0,1151.0,668.0
2022-10-31,1889.0,1408.0,1715.0,981.0,1828.0,769.0
2022-11-07,1896.0,1307.0,1460.0,1002.0,1575.0,764.0
2022-11-14,2108.0,1237.0,1314.0,940.0,617.0,748.0
2022-11-21,2260.0,1384.0,1603.0,914.0,1168.0,714.0
2022-11-28,2116.0,1270.0,1581.0,947.0,576.0,758.0
2022-12-05,2025.0,1089.0,1312.0,943.0,597.0,763.0
2022-12-12,2131.0,1007.0,1241.0,852.0,510.0,655.0
2022-12-19,1972.0,999.0,1399.0,877.0,831.0,691.0
2022-12-26,2004.0,1203.0,1466.0,945.0,1447.0,764.0
2023-01-02,2516.0,2733.0,2405.0,866.0,392.0,691.0
2023-01-09,3186.0,2941.0,2719.0,885.0,498.0,711.0
2023-01-16,2289.0,2085.0,2111.0,974.0,424.0,798.0
2023-01-23,2151.0,1846.0,2056.0,1024.0,987.0,861.0
2023-01-30,2194.0,1594.0,1815.0,999.0,521.0,833.0
2023-02-06,2362.0,1841.0,2069.0,1057.0,581.0,845.0
2023-02-13,3241.0,1682.0,1814.0,983.0,704.0,777.0
2023-02-20,2778.0,1956.0,1910.0,1112.0,479.0,849.0
2023-02-27,2583.0,1488.0,1280.0,1102.0,520.0,820.0
2023-03-06,2000.0,1355.0,1251.0,1004.0,825.0,733.0
2023-03-13,2447.0,1545.0,1303.0,1112.0,621.0,835.0
2023-03-20,2972.0,1516.0,1326.0,1069.0,562.0,812.0
2023-03-27,2782.0,1553.0,1565.0,941.0,625.0,721.0
2023-04-03,3587.0,1525.0,1404.0,995.0,463.0,815.0
2023-04-10,5004.0,2550.0,2048.0,943.0,1114.0,776.0
2023-04-17,7316.0,2886.0,2699.0,932.0,335.0,735.0
2023-04-24,8036.0,2464.0,2271.0,1050.0,869.0,911.0
2023-05-01,8113.0,3262.0,2271.0,1152.0,637.0,1033.0
2023-05-08,6220.0,2441.0,1606.0,1114.0,987.0,968.0
2023-05-15,6095.0,1716.0,1154.0,1064.0,923.0,899.0
2023-05-22,7562.0,1789.0,1211.0,1051.0,883.0,931.0
2023-05-29,8398.0,1604.0,1254.0,1132.0,631.0,957.0
2023-06-05,8898.0,1925.0,1465.0,1308.0,925.0,1031.0
2023-06-12,12607.0,2143.0,2338.0,1279.0,819.0,1013.0
2023-06-19,10979.0,2278.0,2904.0,1151.0,994.0,894.0
2023-06-26,13426.0,2475.0,2882.0,1028.0,654.0,753.0
2023-07-03,11883.0,2683.0,2738.0,1054.0,596.0,763.0
2023-07-10,11821.0,2985.0,2981.0,1057.0,984.0,786.0
2023-07-17,12731.0,3511.0,3285.0,1166.0,693.0,864.0
2023-07-24,12334.0,4037.0,3512.0,1095.0,835.0,851.0
2023-07-31,11337.0,3617.0,3877.0,1157.0,904.0,953.0
2023-08-07,10686.0,3553.0,3707.0,1104.0,976.0,902.0
2023-08-14,11094.0,4133.0,3790.0,1250.0,1013.0,1078.0
2023-08-21,10618.0,4153.0,3895.0,1179.0,828.0,993.0
2023-08-28,11097.0,3619.0,3365.0,1238.0,899.0,1053.0
2023-09-04,8389.0,2643.0,2666.0,1137.0,724.0,962.0
2023-09-11,8581.0,2480.0,2475.0,986.0,816.0,821.0
2023-09-18,8831.0,2599.0,2798.0,1071.0,721.0,916.0
2023-09-25,8174.0,2942.0,2877.0,1021.0,439.0,865.0
2023-10-02,8065.0,2150.0,2281.0,998.0,650.0,803.0
2023-10-09,7621.0,1983.0,2269.0,1057.0,1039.0,798.0
2023-10-16,7488.0,1942.0,2249.0,1055.0,1407.0,812.0
2023-10-23,7670.0,2130.0,2678.0,945.0,651.0,690.0
2023-10-30,7944.0,2556.0,2804.0,1085.0,873.0,855.0
2023-11-06,6960.0,2124.0,2463.0,950.0,674.0,695.0
2023-11-13,6604.0,1904.0,2359.0,1038.0,1250.0,793.0
2023-11-20,6120.0,1926.0,2207.0,1023.0,761.0,805.0
2023-11-27,5740.0,1745.0,2013.0,941.0,691.0,703.0
2023-12-04,5505.0,1570.0,1927.0,939.0,751.0,697.0
2023-12-11,6627.0,1472.0,1889.0,867.0,775.0,626.0
2023-12-18,5847.0,1505.0,1735.0,874.0,728.0,657.0
2023-12-25,5984.0,2194.0,1773.0,978.0,800.0,775.0
2024-01-01,8071.0,3957.0,3546.0,923.0,825.0,717.0
2024-01-08,7199.0,3455.0,2860.0,949.0,722.0,737.0
2024-01-15,5481.0,2251.0,2213.0,924.0,709.0,668.0
2024-01-22,5425.0,2044.0,1957.0,919.0,694.0,662.0
2024-01-29,4768.0,1663.0,1871.0,991.0,1033.0,787.0
2024-02-05,5086.0,1869.0,2128.0,945.0,896.0,695.0
2024-02-12,5087.0,1670.0,2066.0,859.0,992.0,654.0
2024-02-19,5184.0,1977.0,2428.0,955.0,1165.0,754.0
2024-02-26,5323.0,1648.0,2124.0,1023.0,825.0,805.0
2024-03-04,4670.0,1282.0,1692.0,1060.0,873.0,825.0
2024-03-11,4386.0,1397.0,1864.0,1068.0,925.0,855.0
2024-03-18,4866.0,1264.0,1790.0,1061.0,1547.0,839.0
2024-03-25,4577.0,1458.0,1971.0,994.0,714.0,821.0
2024-04-01,5556.0,2456.0,2707.0,888.0,690.0,685.0
2024-04-08,4792.0,1624.0,1956.0,963.0,514.0,761.0
2024-04-15,4712.0,1482.0,1847.0,844.0,603.0,601.0
2024-04-22,4907.0,1530.0,1931.0,964.0,1019.0,664.0
2024-04-29,4024.0,2096.0,2019.0,1012.0,1111.0,686.0
2024-05-06,6647.0,3574.0,3209.0,991.0,1026.0,657.0
2024-05-13,6117.0,2538.0,2668.0,941.0,2889.0,576.0
2024-05-20,4606.0,1906.0,2147.0,936.0,2499.0,559.0
2024-05-27,5056.0,1822.0,2169.0,862.0,2095.0,531.0
2024-06-03,4591.0,1705.0,1861.0,873.0,2442.0,540.0
2024-06-10,4629.0,1645.0,1924.0,820.0,1919.0,503.0
2024-06-17,4611.0,1702.0,2061.0,875.0,1745.0,509.0
2024-06-24,4795.0,2260.0,2235.0,890.0,2256.0,555.0
2024-07-01,4963.0,1879.0,2128.0,966.0,1870.0,591.0
2024-07-08,5440.0,2173.0,2260.0,913.0,1024.0,574.0
2024-07-15,5806.0,2457.0,2798.0,928.0,1249.0,593.0
2024-07-22,6221.0,2696.0,2853.0,992.0,1188.0,605.0
2024-07-29,6442.0,2723.0,2666.0,909.0,1099.0,559.0
2024-08-05,6028.0,2504.0,2762.0,984.0,885.0,663.0
2024-08-12,6413.0,2974.0,3020.0,1102.0,1609.0,738.0
2024-08-19,6516.0,3035.0,3217.0,1163.0,1089.0,806.0
2024-08-26,6773.0,3375.0,3475.0,1161.0,1171.0,775.0
2024-09-02,5284.0,1961.0,1983.0,1162.0,965.0,770.0
2024-09-09,4745.0,1889.0,2027.0,1149.0,1251.0,796.0
2024-09-16,4776.0,1806.0,1852.0,1220.0,1487.0,797.0
2024-09-23,4781.0,2034.0,1981.0,1275.0,1303.0,906.0
2024-09-30,4857.0,1676.0,1764.0,1200.0,1525.0,794.0
2024-10-07,4647.0,1610.0,1821.0,1193.0,1548.0,741.0
2024-10-14,4804.0,1704.0,1838.0,1119.0,1519.0,690.0
2024-10-21,4692.0,1537.0,1927.0,1175.0,1592.0,772.0
2024-10-28,5005.0,2007.0,2157.0,1209.0,1807.0,757.0
2024-11-04,4312.0,1786.0,2013.0,1144.0,1722.0,706.0
2024-11-11,4201.0,1979.0,1888.0,1136.0,2162.0,730.0
2024-11-18,3883.0,1513.0,1722.0,1055.0,1945.0,617.0
2024-11-25,4123.0,1490.0,1687.0,1019.0,2256.0,589.0
2024-12-02,3824.0,1408.0,1538.0,945.0,2191.0,498.0
2024-12-09,3571.0,1281.0,1497.0,1049.0,1870.0,609.0
2024-12-16,3478.0,1166.0,1429.0,1104.0,1880.0,630.0
2024-12-23,3260.0,1806.0,1782.0,1068.0,1974.0,571.0
2024-12-30,4563.0,2772.0,2347.0,1165.0,1574.0,727.0
2025-01-06,5565.0,3776.0,2949.0,1162.0,1852.0,744.0
2025-01-13,3680.0,2038.0,1820.0,1246.0,1612.0,788.0
2025-01-20,3205.0,1369.0,1623.0,1203.0,1453.0,720.0
2025-01-27,3479.0,1562.0,1806.0,1236.0,1527.0,791.0
2025-02-03,3226.0,1594.0,1749.0,1210.0,1494.0,837.0
2025-02-10,3367.0,2383.0,1857.0,1240.0,1510.0,794.0
2025-02-17,3310.0,1943.0,1950.0,1301.0,1937.0,879.0
2025-02-24,3919.0,2378.0,2226.0,1276.0,1535.0,865.0
2025-03-03,3236.0,1706.0,1847.0,1290.0,1652.0,863.0
2025-03-10,2999.0,1433.0,1710.0,1361.0,1798.0,843.0
2025-03-17,2919.0,1431.0,1663.0,1383.0,1450.0,906.0
2025-03-24,3159.0,1612.0,1681.0,1360.0,1847.0,850.0
2025-03-31,2970.0,1415.0,1777.0,1405.0,1691.0,887.0
2025-04-07,2963.0,1440.0,1851.0,1413.0,1663.0,926.0
2025-04-14,2668.0,1213.0,1669.0,1451.0,2164.0,965.0
2025-04-21,4715.0,3109.0,2841.0,1607.0,1600.0,1081.0
2025-04-28,4432.0,3000.0,2988.0,1577.0,1620.0,1023.0
2025-05-05,3940.0,2768.0,2596.0,1448.0,2033.0,915.0
2025-05-12,3129.0,1755.0,1938.0,1560.0,1553.0,988.0
2025-05-19,2884.0,1489.0,1802.0,1654.0,1627.0,1077.0
2025-05-26,3149.0,1620.0,1903.0,1603.0,1198.0,1058.0
2025-06-02,3150.0,1624.0,1808.0,1666.0,1513.0,1077.0
2025-06-09,3144.0,1746.0,1923.0,1557.0,1651.0,1014.0
2025-06-16,3290.0,1867.0,2096.0,1574.0,1777.0,1006.0
2025-06-23,3221.0,1983.0,2110.0,1567.0,1265.0,1003.0
2025-06-30,3074.0,1848.0,1989.0,1588.0,1227.0,993.0
2025-07-07,3278.0,2115.0,2108.0,,,
2025-07-14,3770.0,2408.0,2401.0,,,
2025-07-21,4300.0,2825.0,2711.0,,,
2025-07-28,4379.0,2859.0,2845.0,,,
2025-08-04,4325.0,2564.0,2712.0,,,
2025-08-11,4415.0,2768.0,2794.0,,,
2025-08-18,4485.0,3138.0,2612.0,,,
2025-08-25,4516.0,3274.0,2819.0,,,
2025-09-01,3226.0,2089.0,1954.0,,,
2025-09-08,2897.0,1754.0,1812.0,,,
2025-09-15,2755.0,1733.0,1789.0,,,
2025-09-22,2797.0,2199.0,1956.0,,,
2025-09-29,2534.0,1717.0,1648.0,,,
2025-10-06,2158.0,1308.0,1560.0,,,
2025-10-13,2456.0,1519.0,1694.0,,,
2025-10-20,2507.0,1520.0,1464.0,,,
2025-10-27,2508.0,1661.0,1521.0,,,
2025-11-03,2089.0,1364.0,1344.0,,,
2025-11-10,2759.0,2188.0,1711.0,,,
2025-11-17,2274.0,1378.0,1330.0,,,
2025-11-24,2163.0,1393.0,1322.0,,,
2025-12-01,2005.0,1238.0,1175.0,,,
2025-12-08,2087.0,1168.0,1158.0,,,
2025-12-15,1984.0,1067.0,1121.0,,,
2025-12-22,2040.0,1643.0,1301.0,,,
2025-12-29,3089.0,2142.0,1940.0,,,
2026-01-05,4013.0,4878.0,2764.0,,,
2026-01-12,2512.0,2154.0,1591.0,,,
2026-01-19,1818.0,1489.0,1204.0,,,
2026-01-26,1963.0,1688.0,1327.0,,,
2026-02-02,1946.0,1372.0,1285.0,,,
2026-02-09,2411.0,1443.0,1577.0,,,
2026-02-16,2194.0,1704.0,1455.0,,,
2026-02-23,2747.0,2108.0,1677.0,,,

