case,kind,status,seconds,checks,fulfillment_pct,worst_shortage_pct,cost,trips,distance_km,max_gap,geodesic_error_km,source_documents,operational_ready
oracle-00,enumeration,pass,0.02096770005300641,436,75.0,100.0,21.0,1,6.0,0,,,
oracle-01,enumeration,pass,0.04588759993202984,463,100.0,0.0,23.0,1,6.0,0,,,
oracle-02,enumeration,pass,0.020293999928981066,438,75.0,100.0,23.0,1,6.0,0,,,
oracle-03,enumeration,pass,0.04698570002801716,546,87.5,50.0,40.0,2,12.0,0,,,
oracle-04,enumeration,pass,0.03323379997164011,455,66.66666666666667,66.66666666666666,23.0,1,6.0,0,,,
oracle-05,enumeration,pass,0.023143700091168284,446,75.0,100.0,23.0,1,6.0,0,,,
oracle-06,enumeration,pass,0.04392649978399277,436,75.0,100.0,22.0,1,6.0,0,,,
oracle-07,enumeration,pass,0.02744479989632964,446,62.5,100.0,21.0,1,6.0,0,,,
oracle-08,enumeration,pass,0.04050710005685687,455,100.0,0.0,22.0,1,6.0,0,,,
oracle-09,enumeration,pass,0.037935299798846245,529,75.0,100.0,48.0,2,12.0,0,,,
oracle-10,enumeration,pass,0.04970180010423064,455,68.75,75.0,30.0,1,6.0,0,,,
oracle-11,enumeration,pass,0.0432280998211354,446,62.5,100.0,20.0,1,6.0,0,,,
oracle-12,enumeration,pass,0.06561159994453192,436,62.5,100.0,21.0,1,6.0,0,,,
oracle-13,enumeration,pass,0.05621139984577894,531,100.0,0.0,34.0,2,12.0,0,,,
oracle-14,enumeration,pass,0.03256849991157651,455,60.0,80.0,22.0,1,6.0,0,,,
oracle-15,enumeration,pass,0.0649783001281321,529,66.66666666666667,100.0,42.0,2,12.0,0,,,
oracle-16,enumeration,pass,0.023821000009775162,353,50.0,100.0,0.0,0,0,0,,,
oracle-17,enumeration,pass,0.02409270009957254,446,75.0,100.0,19.0,1,6.0,0,,,
oracle-18,enumeration,pass,0.01661609997972846,436,58.333333333333336,100.0,16.0,1,6.0,0,,,
oracle-19,enumeration,pass,0.051124799996614456,463,65.0,80.0,31.0,1,6.0,0,,,
oracle-20,enumeration,pass,0.019484300166368484,438,75.0,100.0,22.0,1,6.0,0,,,
oracle-21,enumeration,pass,0.03154520015232265,444,54.166666666666664,100.0,20.0,1,6.0,0,,,
oracle-22,enumeration,pass,0.03036229987628758,455,62.5,75.0,25.0,1,6.0,0,,,
oracle-23,enumeration,pass,0.03964450000785291,446,75.0,100.0,27.0,1,6.0,0,,,
oracle-24,enumeration,pass,0.015206700190901756,351,50.0,100.0,0.0,0,0,0,,,
oracle-25,enumeration,pass,0.024654399836435914,361,50.0,100.0,0.0,0,0,0,,,
oracle-26,enumeration,pass,0.017181700095534325,438,75.0,100.0,17.0,1,6.0,0,,,
oracle-27,enumeration,pass,0.10491580003872514,546,100.0,0.0,54.0,2,12.0,0,,,
oracle-28,enumeration,pass,0.04450590000487864,438,75.0,100.0,23.0,1,6.0,0,,,
oracle-29,enumeration,pass,0.06440729997120798,531,66.66666666666667,66.66666666666666,36.0,2,12.0,0,,,
oracle-30,enumeration,pass,0.015564600005745888,436,54.166666666666664,100.0,16.0,1,6.0,0,,,
oracle-31,enumeration,pass,0.04121059994213283,531,75.0,100.0,54.0,2,12.0,0,,,
oracle-32,enumeration,pass,0.022340100025758147,438,54.166666666666664,100.0,19.0,1,6.0,0,,,
oracle-33,enumeration,pass,0.040370200062170625,529,75.0,100.0,40.0,2,12.0,0,,,
oracle-34,enumeration,pass,0.019141600001603365,438,55.00000000000001,100.0,20.0,1,6.0,0,,,
oracle-35,enumeration,pass,0.024322499986737967,446,62.5,100.0,15.0,1,6.0,0,,,
oracle-36,enumeration,pass,0.05260880012065172,436,75.0,100.0,23.0,1,6.0,0,,,
oracle-37,enumeration,pass,0.04051600000821054,463,60.0,80.0,26.0,1,6.0,0,,,
oracle-38,enumeration,pass,0.03190780011937022,455,75.0,50.0,27.0,1,6.0,0,,,
oracle-39,enumeration,pass,0.021139400079846382,359,50.0,100.0,0.0,0,0,0,,,
oracle-40,enumeration,pass,0.01636140001937747,353,50.0,100.0,0.0,0,0,0,,,
oracle-41,enumeration,pass,0.0231220000423491,361,50.0,100.0,0.0,0,0,0,,,
oracle-42,enumeration,pass,0.029524399898946285,453,62.5,83.33333333333334,31.0,1,6.0,0,,,
oracle-43,enumeration,pass,0.0833246000111103,548,75.0,75.0,46.0,2,12.0,0,,,
oracle-44,enumeration,pass,0.01739860000088811,353,50.0,100.0,0.0,0,0,0,,,
oracle-45,enumeration,pass,0.03228150005452335,461,66.66666666666666,83.33333333333334,31.0,1,6.0,0,,,
oracle-46,enumeration,pass,0.050209299894049764,455,75.0,66.66666666666666,28.0,1,6.0,0,,,
oracle-47,enumeration,pass,0.031697499798610806,361,50.0,100.0,0.0,0,0,0,,,
unconstrained,stress,pass,0.24451080011203885,596,99.9999981263889,9.999999999999999e-06,9719.9998651,2,80.0,4.6296292026980986e-09,,,
budget-0,stress,pass,0.029916099971160293,325,0.0,100.0,0.0,0,0,0,,,
budget-1000,stress,pass,0.4275619999971241,461,9.722219723611115,91.11112111111109,999.9998201000003,1,40.0,1.3846138512663996e-08,,,
budget-4000,stress,pass,0.3615892000962049,461,42.083330833333335,60.00000999999999,3999.99982,1,40.0,2.158272103003105e-08,,,
budget-8000,stress,pass,0.6728978001046926,596,84.16666416805556,20.000010000000028,7999.9998201,2,80.0,0,,,
budget-16000,stress,pass,0.3188098000828177,596,99.99999750138892,9.999999999999999e-06,9719.999820100002,2,80.0,0,,,
fleet-1,stress,pass,0.16145270015113056,947,99.99999750041667,9.999999999999999e-06,32359.9994001,6,240.0,0,,,
fleet-2,stress,pass,0.6457184001337737,988,99.9999975,9.999999999999999e-06,32359.9994,6,240.0,0,,,
fleet-3,stress,pass,2.0965718999505043,1035,99.9999975,9.999999999999999e-06,32359.9994,6,240.0,0,,,
binding-fleet-1,stress,pass,0.15757469995878637,1112,76.66484862586692,23.34060549745825,44639.21460637451,8,320.0,1.1989241813265446e-09,,,
binding-fleet-2,stress,pass,0.671985600143671,1398,99.9999975,9.999999999999999e-06,58259.99892,11,440.0,0,,,
binding-fleet-3,stress,pass,0.9857476998586208,1411,99.99999750023149,9.999999999999999e-06,58259.9989201,11,440.0,0,,,
demand-0.5,stress,pass,0.2529778000898659,596,99.99999750208333,9.999999999999999e-06,6519.9998801,2,80.0,0,,,
demand-1.0,stress,pass,0.533176900120452,685,99.9999975010303,9.999999999999999e-06,12979.999760098908,3,120.0,0,,,
demand-2.0,stress,pass,0.3451589001342654,866,99.99999750052093,9.999999999999999e-06,25899.99952010002,5,200.0,0,,,
lead-0,stress,pass,0.5554589999374002,596,99.9999981263889,9.999999999999999e-06,9719.9998651,2,80.0,4.6296292026980986e-09,,,
lead-2,stress,pass,0.3369541000574827,584,99.99999750138888,9.999999999999999e-06,9719.999820099998,2,80.0,0,,,
lead-7,stress,pass,0.12649159994907677,572,74.99999250138889,100.0,7319.9994601,2,80.0,0,,,
lead-14,stress,pass,0.07666330016218126,437,49.999995000000006,100.0,4859.999640000001,1,40.0,0,,,
travel-time-factor-1,stress,pass,0.23064419999718666,596,99.9999981263889,9.999999999999999e-06,9719.9998651,2,80.0,4.6296292026980986e-09,,,
travel-time-factor-4,stress,pass,0.227683300152421,596,99.9999981263889,9.999999999999999e-06,9719.9998651,2,80.0,4.6296292026980986e-09,,,
travel-time-factor-10,stress,pass,0.018783500185236335,325,0.0,100.0,0.0,0,0,0,,,
food-life-1,stress,pass,0.2574709001928568,562,74.9999900013888,100.0,8519.999280099993,2,80.0,0,,,
food-life-7,stress,pass,0.2637855999637395,786,99.9999975013889,1.0000000000016169e-05,9839.999820100002,4,160.0,0,,,
food-life-14,stress,pass,0.4752048999071121,613,99.9999975,1.0000000000016169e-05,9719.99982,2,80.0,0,,,
food-life-30,stress,pass,0.32511440012604,581,99.99999750138892,9.999999999999999e-06,9719.999820100002,2,80.0,0,,,
all-roads-closed,stress,pass,0.020466499961912632,325,0.0,100.0,0.0,0,0,0,,,
return-closed,stress,pass,0.013038999866694212,325,0.0,100.0,0.0,0,0,0,,,
truck-unavailable,stress,pass,0.012318000197410583,325,0.0,100.0,0.0,0,0,0,,,
warehouse-0.1,stress,pass,0.20725469989702106,794,9.16666416666667,93.33334333333333,999.99982,4,160.0,3.6000060504054373e-07,,,
warehouse-1,stress,pass,0.4534967001527548,794,75.05555305555556,30.0,7203.999820000001,4,160.0,0,,,
warehouse-4,stress,pass,0.828046599868685,583,99.9999975,9.999999999999999e-06,9719.99982,2,80.0,0,,,
FEFO-and-quarantine,stress,pass,0.4354694001376629,631,99.99999750138889,9.999999999999999e-06,9119.9998201,2,80.0,0,,,
shared-capacity,stress,pass,0.24800679995678365,600,99.99999750138892,9.999999999999999e-06,9719.999820100002,2,80.0,0,,,
seeded-00,stress,pass,0.18252979987300932,837,91.1764680882353,55.55555555555556,9899.999796,4,160.0,4.121212119993876e-08,,,
seeded-01,stress,pass,1.445734400069341,635,47.21861221861896,100.0,3992.999769000392,3,120.0,3.2782312677390984e-08,,,
seeded-02,stress,pass,1.2316911998204887,724,77.44359902380955,100.0,8719.999202100002,3,120.0,0,,,
seeded-03,stress,pass,0.2993029002100229,843,78.1249975,100.0,14959.999664,4,160.0,0,,,
seeded-04,stress,pass,1.0951620999258012,800,64.25438346491228,100.0,9999.999657999999,4,160.0,3.420000110603071e-08,,,
seeded-05,stress,pass,2.4980652001686394,758,90.52083083333333,100.0,6184.99988,4,160.0,8.95467819708336e-09,,,
seeded-06,stress,pass,0.47122319997288287,435,24.24242174242426,100.0,1499.9997855000008,1,40.0,0,,,
seeded-07,stress,pass,3.276950899977237,614,14.864864864864835,100.00000000000047,1500.0,3,120.0,1.6357889686939912e-07,,,
seeded-08,stress,pass,1.3706354000605643,585,32.36245704692556,100.0,3999.999691,2,80.0,5.14999949239333e-08,,,
seeded-09,stress,pass,0.358731800224632,626,31.41826673157051,100.0,3990.9996880999993,3,120.0,5.2117267900322085e-08,,,
seeded-10,stress,pass,2.5928968999069184,616,46.716789479949895,100.0,3992.999800500001,3,120.0,3.611741113149462e-08,,,
seeded-11,stress,pass,2.9607164999470115,749,36.55660127437114,100.0,3999.9996821000095,4,160.0,0,,,
seeded-12,stress,pass,0.644569099880755,644,47.07711192786073,100.0,3999.9997990000024,3,120.0,0,,,
seeded-13,stress,pass,0.7021063000429422,805,82.07236592105262,100.0,9839.999772,4,160.0,2.3170732139485257e-08,,,
seeded-14,stress,pass,4.207718500168994,667,43.5077494389507,100.0,3999.9997420997133,3,120.0,0,,,
seeded-15,stress,pass,0.17218649992719293,780,94.80555305555556,46.17284950617284,9465.999819999999,4,160.0,3.943592929753756e-09,,,
seeded-16,stress,pass,1.0933456998318434,794,77.87878537878788,100.0,10684.9997525,4,160.0,1.4254340127810108e-09,,,
seeded-17,stress,pass,1.1807878999970853,702,94.85293117892157,100.0,5199.9995921,3,120.0,1.7490284098717065e-16,,,
seeded-18,stress,pass,0.34562579984776676,755,64.06249750001231,100.0,3989.9998560007098,4,160.0,2.406003265288371e-08,,,
seeded-19,stress,pass,2.3225620000157505,674,68.98733927426179,100.0,3994.9998816,3,120.0,2.053528815836057e-08,,,
seeded-20,stress,pass,2.4246781000401825,661,41.568624950981835,100.0,3999.9997450001474,3,120.0,7.401486830834371e-16,,,
seeded-21,stress,pass,0.48760929983109236,496,22.04300825268818,100.0,1499.9997675000009,2,80.0,0,,,
seeded-22,stress,pass,0.8826739001087844,774,85.84778170038535,100.0,12140.9997405,4,160.0,1.424923845290357e-08,,,
seeded-23,stress,pass,0.7240273000206798,577,70.2054769520548,100.0,3989.9998904999998,2,80.0,2.7443608694920175e-08,,,
easy-same-result,optimized,pass,0.14138570008799434,461,100.0,0.0,3260.0,1,40.0,1.8992298665451832e-08,,,
easy-same-result-greedy,greedy,pass,0.005711500067263842,745,100.0,0.0,3440.0,4,160,0,,,
capacity-limited,optimized,pass,0.13272729981690645,808,68.9983635130719,31.00654594771243,22319.607243137256,4,160.0,0,,,
capacity-limited-greedy,greedy,pass,0.030397000024095178,745,69.23333333333333,31.066666666666663,22356.0,4,160,0,,,
one-early-supply,optimized,pass,0.14635429996997118,596,99.99999750208327,9.999999999999999e-06,6519.999880099997,2,80.0,0,,,
one-early-supply-greedy,greedy,pass,0.003044400131329894,439,25.0,100.0,1660.0,1,40,0,,,
known-week3-supply-outage,optimized,pass,0.2206929000094533,596,99.99999750185185,9.999999999999999e-06,7319.9998651,2,80.0,0,,,
known-week3-supply-outage-greedy,greedy,pass,0.0043524999637156725,643,33.333333333333336,100.0,2580.0,3,120,0,,,
budget-limited,optimized,pass,0.6285463999956846,579,73.33333083472222,30.00001,6999.9998201,2,80.0,0,,,
budget-limited-greedy,greedy,pass,0.012864799937233329,655,71.18055555555556,100.0,7000.0,3,120,0,,,
seven-day-procurement,optimized,pass,0.13345510000362992,572,74.99999250138889,100.0,7319.9994601,2,80.0,0,,,
seven-day-procurement-greedy,greedy,pass,0.0009886999614536762,312,0.0,100.0,0.0,0,0,0,,,
przemysl-lwowska-36-Medyka,official-geometry,pass,1.544761300086975,2948,99.99999812638892,9.999999999999999e-06,9693.6375557232,2,41.076100826672516,4.642219887632466e-09,0.0,23,False
przemysl-lwowska-36-Korczowa,official-geometry,pass,2.6011165999807417,8576,99.99999750138888,9.999999999999999e-06,9920.524413248075,2,140.60471182014413,0,0.0,44,False
przemysl-lwowska-36-Dorohusk,official-geometry,pass,12.565583700081334,45878,99.99999750138902,9.999999999999999e-06,11468.763456066401,2,819.7716434621038,0,0.0,196,False
przemysl-wodna-11-Medyka,official-geometry,pass,1.2693127999082208,5426,99.9999981263889,9.999999999999999e-06,9719.674923156266,2,52.49792811463502,4.629783977494972e-09,0.0,23,False
przemysl-wodna-11-Korczowa,official-geometry,pass,2.764087399933487,7568,99.9999975013889,9.999999999999999e-06,9939.563476577097,2,148.95658893013453,0,0.0,44,False
przemysl-wodna-11-Dorohusk,official-geometry,pass,13.357121499953791,45332,99.99999750138902,9.999999999999999e-06,11465.275412900395,2,818.2415415146819,0,0.0,196,False
